"ISO3","Name","1995","1996","1997","1998","1999","2000","2001","2002","2003","2004","2005","2006","2007","2008","2009","2010","2011","2012","2013","2014","2015","2016","2017","2018","2019","2020","2021","2022","2023"
"AFG","Afghanistan",13.73297024,13.73297024,13.73297024,13.73297024,13.73297024,13.73297024,13.73297024,13.73297024,6.65036392,9.9371376,15.71056557,18.48848534,16.17664719,18.47561455,21.8033886,15.52872467,21.13860512,21.17189598,22.91737556,21.98381996,16.44546318,18.94781876,19.42013359,19.73445702,19.83023643,16.13204002,19.34802628,21.26785851,21.26785851
"ALB","Albania",1.65561795,1.65561795,1.65561795,1.65561795,1.65561795,1.65561795,4.40931129,3.44509792,4.91155481,3.79111719,3.78141952,4.12586164,4.21789455,2.00321007,2.97321677,1.87579036,1.35891247,1.90068352,1.23372364,0.50567991,0.76664573,0.65934527,0.55059642,0.42088792,0.66455001,0.67609537,0.54438251,3.45230412,3.45230412
"DZA","Algeria",0.052187,0.052187,0.052187,0.052187,0.052187,0.052187,0.04628069,0.04450536,0.05022801,0.04680432,0.07937498,0.05232034,0.06622829,0.03665671,0.05150365,0.02814943,0.01970796,0.03133383,0.0194395,0.03474388,0.02634617,0.01974073,0.02734736,0.02523286,0.04551063,0.04007037,0.61166543,0.46406284,0.46406284
"AND","Andorra",,,,,,,,,,,,,,,,,,,,,,,,,,,,,
"AGO","Angola",0.51365387,0.51365387,0.51365387,0.51365387,0.51365387,0.51365387,1.43060005,1.27742219,1.03922689,1.92934799,3.03782797,5.85645962,2.69763899,2.4888041,3.82744431,3.24644613,2.8612268,2.17543125,2.56596041,3.17014694,2.67032242,3.64164376,3.11478901,3.62995744,3.94904542,5.43536901,4.63133621,4.67911005,4.67911005
"ATG","Antigua and Barbuda",0.34878898,0.34878898,0.34878898,0.34878898,0.34878898,0.34878898,0.07303306,0.13711631,0,0.04309067,0.15506251,0.13964188,0.14269018,0.18763787,0.02764631,0.12729101,0.05339933,0,0.23532581,0,0,0.01355033,0.02284085,0.09705941,0.04647173,0.13569869,0.11926717,0.15202753,0.15202753
"ARG","Argentina",0.03062808,0.03062808,0.03062808,0.03062808,0.03062808,0.03062808,0.2007374,1.96734297,0.34346449,6.29007864,1.18307579,0.32621667,0.22942123,0.92570257,0.28787005,0.31598705,0.58026612,0.52099103,0.44593182,0.52839446,0.28386176,0.28183463,0.44271711,0.28029117,0.22744361,0.27920026,1.21654785,1.25239897,1.25239897
"ARM","Armenia",12.77933121,12.77933121,12.77933121,12.77933121,12.77933121,12.77933121,18.01124001,7.93093824,5.22895432,5.45582008,11.67522335,11.57289124,12.21758938,5.88885784,4.58921719,3.72884226,3.15005541,2.960572,2.07229877,1.52948999,1.08290088,1.69676268,1.13822389,1.216784,0.99527276,1.10338724,0.88837326,0.51244688,0.51244688
"AUS","Australia",0,0,0,0,0,0,0,0,0,0,0,0,0,0,0,0,0,0,0,0,0,0,0,0,0,0,0,0,0
"AUT","Austria",0,0,0,0,0,0,0,0,0,0,0,0,0,0,0,0,0,0,0,0,0,0,0,0,0,0,0,0,0
"AZE","Azerbaijan",1.99538815,1.99538815,1.99538815,1.99538815,1.99538815,1.99538815,1.23942494,0.83319825,2.65599656,1.7946558,0.90798372,1.70430362,1.71516812,1.21341121,1.1386584,1.39608955,1.30513859,1.69985044,0.74111837,0.9624505,0.78633606,0.46450466,0.61537313,0.60899526,0.29085997,0.23827933,0.36661896,2.90655851,2.90655851
"BHS","Bahamas",0.65086937,0.65086937,0.65086937,0.65086937,0.65086937,0.65086937,0.61268443,0.59068519,0.56089538,0.54586518,0.50430673,0.68472451,0.64440203,0.60407335,0.56417912,0.56275851,0.56718802,0.57309628,0.54808396,0.56049287,0.59071124,0.54707223,0.47800452,0.53062391,0.49972996,0.41896269,0.47697881,0.45331359,0.45331359
"BHR","Bahrain",0,0,0,0,0,0,0,0,0,0,0,0,0,0,0,0,0,0,0,0,0,0,0,0,0,0,0,0,0
"BGD","Bangladesh",7.80901241,7.80901241,7.80901241,7.80901241,7.80901241,7.80901241,9.8304987,9.99173546,9.66122818,10.01664925,9.45324707,8.1403017,8.05371952,8.34587193,9.39119339,8.98498154,8.60315228,9.1232996,9.00814438,8.34512901,7.78335238,6.1627984,6.05031443,5.8310504,5.56311464,5.40653753,7.63530111,18.51947212,18.51947212
"BRB","Barbados",0,0,0,0,0,0,0,2.07792068,1.82945526,1.21803546,1.18113172,1.52528644,1.96420276,3.10037875,3.45182085,2.29501486,3.00869179,0.37091264,1.81184709,2.25032759,1.70312703,1.67914236,2.00076103,1.20797849,0.88799089,0.75561428,0.66770786,0.67227739,0.67227739
"BLR","Belarus",0.09127826,0.09127826,0.09127826,0.09127826,0.09127826,0.09127826,0.16596431,0.1448514,0.11228091,0.09088763,0.07338142,0.17462118,0.13972256,0.20764074,0.26352641,0.45424893,0.29202139,0.54671919,0.4074395,0.29852316,0.39081886,0.41910192,0.37682614,0.20678577,0.13958444,0.29889509,0.20713031,0.1614657,0.1614657
"BEL","Belgium",0,0,0,0,0,0,0,0,0,0,0,0,0,0,0,0,0,0,0,0,0,0,0,0,0,0,0,0.01215916,0.01215916
"BLZ","Belize",6.49855042,6.49855042,6.49855042,6.49855042,6.49855042,6.49855042,6.61404991,6.30416584,7.60907555,7.3257513,6.94754314,6.85453606,8.8934021,5.29220343,5.4599967,2.79598165,4.11242867,2.67317414,2.28252959,9.34840679,2.96273732,1.68904698,1.62432587,2.50292134,2.94441438,2.93392801,2.90688634,4.57217407,4.57217407
"BEN","Benin",2.32292247,2.32292247,2.32292247,2.32292247,2.32292247,2.32292247,10.23425674,13.37215328,10.80212498,12.0053196,16.86398506,18.05868149,14.9950037,23.99986267,24.51530457,29.44955063,32.40466309,28.60687256,25.02174568,25.12753487,19.76968575,27.43904686,25.00191116,32.40467834,29.423769,27.37222099,32.0743103,31.99975967,31.99975967
"BTN","Bhutan",8.1200285,8.1200285,8.1200285,8.1200285,8.1200285,8.1200285,19.05442047,9.62377357,11.47806835,17.37087059,19.01649094,29.11175156,20.92226601,15.00100899,9.11180782,11.01529884,9.75923061,8.70930767,9.69053841,8.65128994,5.0743556,4.76110172,11.16815472,6.05179501,6.96480751,5.13653231,9.69371033,14.97576427,14.97576427
"BOL","Bolivia, Plurinational State of",6.25753689,6.25753689,6.25753689,6.25753689,6.25753689,6.25753689,6.40078497,6.96912527,8.92644691,9.21074009,7.61305428,5.74817848,4.57828236,5.93362188,4.00067425,3.5904696,4.65468597,4.42234516,3.52861857,2.66771841,3.0737884,3.23860908,2.30387115,1.62937176,1.13371396,2.76030016,1.45821679,4.924891,4.924891
"BIH","Bosnia and Herzegovina",6.84867668,6.84867668,6.84867668,6.84867668,6.84867668,6.84867668,1.47247243,1.78275621,1.28906286,0.34047738,0.22188847,0.44001108,0.39651504,0.40223277,0.9525398,1.51052833,2.59980559,1.8899281,0.95787603,0.45209342,1.69204223,0.18966424,0.38613981,0.42419314,1.54225659,1.2428323,0.6642862,2.90699649,2.90699649
"BWA","Botswana",16.04449844,16.04449844,16.04449844,16.04449844,16.04449844,16.04449844,14.00440884,13.27278709,12.67182446,11.29105949,11.48691273,10.69620132,14.99626637,12.52663803,7.35743666,5.10271645,4.83636427,4.60987091,8.8375845,7.95071602,7.03000593,5.6654377,9.61172962,8.53515816,9.56364727,5.72427082,5.3659606,6.33799934,6.33799934
"BRA","Brazil",0.31819323,0.31819323,0.31819323,0.31819323,0.31819323,0.31819323,0.28357494,0.31573328,0.1969112,0.53066915,0.06743981,0.10612676,0.08170771,0.05353876,0.14908519,0.24594215,0.33908296,0.12457065,0.06794302,0.13800363,0.08013435,0.07916976,0.06623575,0.08543605,0.14588514,0.15294783,0.13226868,0.08222836,0.08222836
"BRN","Brunei Darussalam",0,0,0,0,0,0,0,0,0,0,0,0,0,0,0,0,0,0,0,0,0,0,0,0,0,0,0,0,0
"BGR","Bulgaria",2.02924371,2.02924371,2.02924371,2.02924371,2.02924371,2.02924371,2.02924371,2.02924371,2.02924371,2.02924371,2.02924371,2.02924371,2.02924371,2.02924371,2.02924371,2.02924371,2.02924371,2.02924371,2.02924371,2.02924371,2.02924371,2.02924371,2.02924371,2.02924371,2.02924371,2.02924371,0.56350797,0.56350797,0.56350797
"BFA","Burkina Faso",21.29730415,21.29730415,21.29730415,21.29730415,21.29730415,21.29730415,19.59553146,22.19445229,31.74218559,26.69436264,35.38982391,35.40400696,43.06169128,36.67288589,30.97930145,41.42404938,32.62495041,38.21045685,29.5110836,23.60428619,24.67079163,23.47665787,17.99704552,15.18416309,15.79821396,18.15622139,18.08420944,20.85791969,20.85791969
"BDI","Burundi",1.03790939,1.03790939,1.03790939,1.03790939,1.03790939,1.03790939,22.46030045,18.94771004,21.51386452,26.11309814,31.64906693,31.34632874,30.25008011,35.04632187,40.48187637,53.010849,38.2709198,44.30913162,59.31538773,28.02001381,27.99764252,37.90485764,39.94075775,43.06557465,51.33028793,56.58723831,47.27728271,53.15682602,53.15682602
"KHM","Cambodia",2.14234042,2.14234042,2.14234042,2.14234042,2.14234042,2.14234042,7.14230537,7.89357662,10.63321018,16.02724266,14.31383991,19.62476921,30.14491463,16.25931168,16.2416153,13.91023254,11.11300945,19.38586998,18.72117996,22.71261215,20.35761261,11.80389309,9.19444656,6.49763823,6.50484943,6.46339607,14.38633442,9.34082508,9.34082508
"CMR","Cameroon",2.5520649,2.5520649,2.5520649,2.5520649,2.5520649,2.5520649,2.09438705,3.44702554,2.36824727,3.34895277,4.76077461,4.65560484,5.04734039,6.10976124,5.71515942,8.00396538,12.15643501,7.86001873,7.30820513,9.25201988,8.63536644,8.78061008,8.49681282,14.29008865,13.0471077,10.71255302,15.0334177,14.36285973,14.36285973
"CAN","Canada",0,0,0,0,0,0,0,0,0,0,0,0,0,0,0,0,0,0,0,0,0,0,0,0,0,0,0,0,0
"CPV","Cape Verde",2.57253766,2.57253766,2.57253766,2.57253766,2.57253766,2.57253766,2.83516622,2.85524368,1.62362075,3.92929649,5.41883945,9.10694218,5.20042896,6.16974497,3.15959668,6.04237938,4.7182374,12.9990921,15.27369308,15.06300926,4.15416384,5.18158054,7.87060833,9.27023602,6.65237808,6.40303087,3.17802477,8.27915573,8.27915573
"CAF","Central African Republic",11.35764027,11.35764027,11.35764027,11.35764027,11.35764027,11.35764027,6.85738039,15.4108448,12.94382191,10.09880066,22.63663101,18.8415699,21.77247238,19.73287964,35.34654999,22.90645218,28.87620544,24.979599,33.13179016,37.03116226,41.40312195,32.82312393,31.45635605,51.37660217,27.89797401,35.90271759,35.78597641,35.57539749,35.57539749
"TCD","Chad",3.59878397,3.59878397,3.59878397,3.59878397,3.59878397,3.59878397,3.60914278,2.65501642,16.83062553,10.43114471,10.05191422,11.12032318,6.29346228,5.85889435,8.12647724,5.94576263,12.75176048,10.83635712,7.99996519,10.88014603,17.0632267,22.66974258,19.91786766,19.3388176,19.09909439,16.07626724,11.19025898,18.71686935,18.71686935
"CHL","Chile",0,0,0,0,0,0,0,0,0,0,0,0.02001383,0.00104208,0.01191935,0.01324864,0.01022053,0.002029,0.0015266,0.00269315,0.00242602,0.00141932,0,0,0,0,0,0,0,0
"CHN","China",0.02547254,0.02547254,0.02547254,0.02547254,0.02547254,0.02547254,0.22134258,0.14548576,0.12766516,0.12344482,0.21010171,0.14492926,0.18071163,0.15566339,0.10555609,0.12173964,0.07550438,0.05628394,0.05544716,0.03018604,0.00859982,0.00161523,0.00044167,0.00064801,0.00066961,0.00024403,0.00022867,0.04862122,0.04862122
"COL","Colombia",0.01743408,0.01743408,0.01743408,0.01743408,0.01743408,0.01743408,0.04689047,0.89307058,1.85925055,1.24544191,0.94987732,0.71090811,0.46726435,0.0604213,0.04857259,0.06274424,0.15312466,0.52656066,0.52656066,0.52656066,0.52656066,0.52656066,0.52656066,0.52656066,0.52656066,0.52656066,0.52656066,0.52656066,0.52656066
"COM","Comoros",5.88652134,5.88652134,5.88652134,5.88652134,5.88652134,5.88652134,7.87049627,6.70341349,11.26682854,12.10379601,9.42740154,6.06418848,4.31240082,4.37350941,4.36777544,8.20615387,14.30095863,14.50089359,16.5729599,21.15483284,10.78688049,12.6648941,19.80408478,13.1380415,17.57010078,11.98889542,25.486166,42.8264122,42.8264122
"COG","Congo",11.5210638,11.5210638,11.5210638,11.5210638,11.5210638,11.5210638,8.74561691,11.6272192,11.14666939,20.23670959,21.31544876,17.27007484,18.39298058,11.4930191,19.1670742,11.7349844,20.96310806,26.3597374,19.84407806,18.17324638,18.91436386,5.11391115,7.24547338,5.47522306,7.01047707,10.99664783,6.82108974,15.14912701,15.14912701
"COD","Congo, the Democratic Republic o",23.29669571,23.29669571,23.29669571,23.29669571,23.29669571,23.29669571,13.26103592,14.13963032,18.58320427,16.97858047,18.66470337,19.63479042,23.56878662,38.21316528,41.12667847,44.77018356,45.04618835,37.63668823,40.14576721,40.19532776,39.27082825,43.22838593,42.47307205,35.21685028,38.82657242,37.48040771,37.50719833,38.62197113,38.62197113
"CRI","Costa Rica",1.1117444,1.1117444,1.1117444,1.1117444,1.1117444,1.1117444,1.26019788,0.38723284,0.33544725,0.23138919,0.17699823,0.08924608,0.09470533,0.14018829,0.28391573,0.21066861,0.12927732,0.06346241,0.03902256,0.02410425,0.00636806,0.02836165,0.05353978,0.0062117,0.00104268,0.13579112,0.0464507,0.03007099,0.03007099
"CIV","Cote d'Ivoire",1.79331255,1.79331255,1.79331255,1.79331255,1.79331255,1.79331255,1.80662155,2.02745008,4.97327042,3.19876003,3.96596384,3.8120501,9.28857231,12.761796,9.92927074,10.2001543,12.19101715,15.65249825,8.71003151,13.47169113,13.08228302,14.9303875,13.03412533,12.27736473,12.99884796,13.54403591,13.35010147,18.01252937,18.01252937
"HRV","Croatia",0.00450471,0.00450471,0.00450471,0.00450471,0.00450471,0.00450471,0.00450471,0.00450471,0.00450471,0.00450471,0.00450471,0.00450471,0.00450471,0.00450471,0.00450471,0.00450471,0.00450471,0.00450471,0.00450471,0.00450471,0.00159201,0.00517014,0.00134072,0.00422894,0.00854785,0.00226767,0.01048126,0.00887719,0.00887719
"CUB","Cuba",0.07373915,0.07373915,0.07373915,0.07373915,0.07373915,0.07373915,0.07667926,0.11725663,0.14297508,0.35815632,0.29124269,0.13949481,0.11011758,0.19303413,0.09858164,0.03938273,0.19650027,0.16542237,0.1210008,0.1102391,0.04766417,0.10711079,0.07677097,0.08804822,0.13226296,0.05564333,0.01250013,0.03446269,0.03446269
"CYP","Cyprus",0.53344458,0.53344458,0.53344458,0.53344458,0.53344458,0.53344458,0.49213043,0.59972543,0.58017379,0.54738265,0.53368944,0.59484863,0.61822152,0.46357441,0.55489761,0.90465069,0.95644373,0.94572675,1.1261003,1.09613359,1.15934336,0.20783879,0.40834177,0.36750153,0.67279255,0.22901918,0.9026801,1.16980982,1.16980982
"CZE","Czech Republic",0,0,0,0,0,0,0,0,0,0,0,0,0,0,0,0,0,0,0,0,0,0,0,0,0,0,0,0,0
"DNK","Denmark",0,0,0,0,0,0,0,0,0,0,0,0,0,0,0,0,0,0,0,0,0,0,0,0,0,0,0,0,0
"DJI","Djibouti",13.13144302,13.13144302,13.13144302,13.13144302,13.13144302,13.13144302,11.82626915,24.02259445,29.72094917,19.68110466,27.1686039,27.35805511,26.35298729,20.68499565,20.35878563,17.45927048,11.28303623,18.48588943,13.09074306,16.58128166,28.82056427,26.96528053,25.85711098,18.36631203,16.80397797,20.11104393,44.5796051,25.8230629,25.8230629
"DMA","Dominica",2.92069483,2.92069483,2.92069483,2.92069483,2.92069483,2.92069483,2.33869553,4.75164938,3.033391,3.95380306,2.70322919,2.56881452,3.21309233,2.607939,2.93046021,2.71198344,3.10298872,3.46242213,2.27154613,2.20903039,1.93569994,1.85037196,1.62325132,1.81207561,0.71905094,7.55092955,11.40768909,0.44436443,0.44436443
"DOM","Dominican Republic",1.84018743,1.84018743,1.84018743,1.84018743,1.84018743,1.84018743,2.90014863,5.31062269,3.20671272,2.18135619,1.69850194,1.11908674,1.7336247,1.77763748,0.93324375,0.67250806,0.52326828,1.43889034,0.6048274,7.63028097,9.08336163,0.78624558,0.95938969,1.31822789,1.17159593,0.79167485,1.52755249,5.33172178,5.33172178
"ECU","Ecuador",2.78447008,2.78447008,2.78447008,2.78447008,2.78447008,2.78447008,1.95922565,1.05655015,0.56645012,1.17766261,0.60259974,0.94429922,0.34784228,0.37014854,0.21020043,0.16505349,0.13852343,0.06772232,0.081376,0.17925389,0.10356056,0.16556823,0.12068476,0.09491672,0.0531738,0.1584769,0.43132216,0.32146156,0.32146156
"EGY","Egypt",0.85898668,0.85898668,0.85898668,0.85898668,0.85898668,0.85898668,0.85898668,0.85898668,0.85898668,1.06511736,1.22708189,1.56766725,2.09135318,1.35774577,1.60886967,0.64146358,0.57470351,0.37650833,0.16287425,1.36775744,0.2021538,1.01053619,0.31514263,0.65753311,1.03733182,1.12120557,0.63102561,1.52325487,1.52325487
"SLV","El Salvador",1.02885032,1.02885032,1.02885032,1.02885032,1.02885032,1.02885032,2.06410003,0.50009972,0.4850595,2.06569934,2.01899028,2.93169045,3.23725057,3.27675653,7.7199831,6.03469658,0.77956176,1.99418664,3.01865125,2.11914945,1.61815822,1.60480988,0.11182721,0.17436337,0.00283493,0.27486661,0.89655852,1.13989902,1.13989902
"GNQ","Equatorial Guinea",6.18093491,6.18093491,6.18093491,6.18093491,6.18093491,6.18093491,17.54958153,4.75790882,3.47618127,3.59347606,3.60451031,6.49782896,6.71172857,4.1226716,6.16526556,4.88219452,4.69313955,2.81642866,1.36249089,0.44591734,1.55045557,1.31218278,2.26380038,2.5610466,0.87736267,1.3799808,0.43528318,0.8268972,0.8268972
"ERI","Eritrea",0.64057595,0.64057595,0.64057595,0.64057595,0.64057595,0.64057595,13.79907703,22.28843689,38.31954193,42.61532593,52.33444214,53.35165405,32.89182663,42.37250137,34.51641846,30.44356918,48.70175934,26.32052994,35.59018707,35.94488907,40.73394012,21.36408997,28.75149155,34.5003624,37.60297394,31.91250229,29.09728432,22.45238876,22.45238876
"EST","Estonia",0.28828689,0.28828689,0.28828689,0.28828689,0.28828689,0.28828689,0.28828689,0.28828689,0.28828689,0.65623152,0.46897849,0.63495106,0.54540449,0.41243434,0.3530201,1.7354821,1.37027693,0.37263575,0.11771376,0.22896694,0.19696037,0.17943572,0.02680308,0.02365383,0.02076003,0.01841656,0.01351236,0.01067931,0.01067931
"ETH","Ethiopia",16.25818443,16.25818443,16.25818443,16.25818443,16.25818443,16.25818443,17.07074356,12.69969654,14.19541454,29.63545799,22.24010468,32.3561554,33.34824371,46.76123047,33.59212494,34.44238663,37.52743149,27.94426346,23.27151108,23.43493462,18.26107597,20.23425484,35.35738373,36.14728546,34.33362579,34.44835281,28.29066086,25.3176384,25.3176384
"FJI","Fiji",7.85384846,7.85384846,7.85384846,7.85384846,7.85384846,7.85384846,9.57387257,8.80303478,7.06262207,13.62631989,8.71356678,4.67345905,3.52948213,6.41314888,6.83090591,6.31026602,4.88217688,6.72816944,4.98710251,4.07059574,2.54843497,3.08823633,2.32538366,7.15374756,8.33860779,5.61658716,6.74518824,6.91305923,11.63894844
"FIN","Finland",0.00604633,0.00604633,0.00604633,0.00604633,0.00604633,0.00604633,0.00953495,0.00950312,0.00385928,0.00177047,0.00144986,0.00142368,0.00122285,2.468e-05,0.00462677,0.00697872,0.00609815,0.0029315,0.00123792,0.00210506,0.00118064,0.00145534,0.00282098,0.00398112,0.0063641,0.0061058,0,0,0
"FRA","France",,,,,,,,,,,,,,,,,,,,,,,,,,,,,
"GAB","Gabon",2.12815619,2.12815619,2.12815619,2.12815619,2.12815619,2.12815619,1.32999909,1.62870872,1.64660466,1.58197498,3.95266461,2.32503343,2.78198075,2.0744462,1.51556349,1.1402396,1.08781314,0.48202243,0.36939061,0.99941117,0.82101429,0.6877262,0.6082381,1.22247517,0.56816685,10.81255817,3.9502399,3.55491304,3.55491304
"GMB","Gambia",78.40552521,78.40552521,78.40552521,78.40552521,78.40552521,78.40552521,76.73641968,75.35552216,73.42585754,70.81221008,68.56138611,65.91294098,65.68671417,62.6557312,57.25598145,54.09770966,51.75224304,47.22505951,46.01451492,27.99434471,34.95146942,26.72500992,36.683815,39.75063705,27.22220612,7.67725992,16.67556572,24.1856974,24.1856974
"GEO","Georgia",7.15883684,7.15883684,7.15883684,7.15883684,7.15883684,7.15883684,6.91197395,7.84641075,5.79915142,4.89596081,4.24870443,5.73012924,6.6974597,10.08454132,5.42679501,3.63636374,3.37904024,3.42309451,3.01685882,2.47967482,2.54069066,2.25773811,2.38087583,0.53532571,0.52821141,0.79216027,0.65552342,0.43128723,0.43128723
"DEU","Germany",,,,,,,,,,,,,,,,,,,,,,,,,,,,,
"GHA","Ghana",2.52459407,2.52459407,2.52459407,2.52459407,2.52459407,2.52459407,7.57544756,21.37841797,15.49592209,22.70918846,19.3505249,16.70866776,13.19779301,12.07416821,13.67962265,13.52300835,12.00562477,8.62921333,16.56103325,15.69008923,24.93173218,12.79747391,14.65790272,7.86229706,8.7026329,17.95466805,14.79701519,15.81056595,15.81056595
"GRC","Greece",0,0,0,0,0,0,0,0,0,0,0,0,0,0,0.00954611,0.01943432,0.18618846,0.14561565,0.82154316,1.30528772,1.61168659,0.25555748,0.17876692,0.13328013,0.13182873,0.15136752,0.13248421,0.21321791,0.21321791
"GRD","Grenada",1.51755834,1.51755834,1.51755834,1.51755834,1.51755834,1.51755834,1.44483924,1.2671963,1.35368943,0.8614099,0.70477843,3.23484063,2.11907148,4.20072842,1.3832854,1.21578825,0.00870002,0.11739743,0.2352608,0.35380879,0.31798393,0.28438109,0.20165643,0.26375881,0.09225875,0.74239004,3.5087595,1.84563231,1.84563231
"GTM","Guatemala",2.69831038,2.69831038,2.69831038,2.69831038,2.69831038,2.69831038,1.9061532,2.15235543,2.58997178,3.07541466,2.33605027,3.28337121,2.98863673,2.21389437,3.71946573,2.66473556,3.25614429,4.01598883,2.62795353,2.78953719,1.6775192,1.6469028,1.08229291,1.68230891,0.86716801,0.99105793,2.33118773,2.04409909,2.04409909
"GIN","Guinea",27.91352272,27.91352272,27.91352272,27.91352272,27.91352272,27.91352272,28.63707542,28.31960678,28.29924774,25.10102844,23.01761246,21.57044029,20.41023445,19.98524857,19.45825195,19.42280006,25.90081596,21.98635292,22.58198166,18.49852753,23.46262932,27.23295784,9.49532795,10.79292297,10.7964468,12.30726814,22.65491676,20.71014214,20.71014214
"GNB","Guinea-Bissau",17.99027252,17.99027252,17.99027252,17.99027252,17.99027252,17.99027252,24.74920082,28.48139191,24.09422112,26.30804253,29.79807854,32.77484131,35.61650085,37.72341919,31.31355667,41.44603729,52.93362045,28.2116375,24.06480789,36.07600021,23.46339226,26.69475555,21.16594315,22.9433136,20.53450012,27.4306736,23.40429115,18.22786331,18.22786331
"GUY","Guyana",0.14243084,0.14243084,0.14243084,0.14243084,0.14243084,0.14243084,0.637999,1.84835112,5.29683018,9.01350689,14.89759445,19.61869621,24.81287384,21.26828003,21.07645226,19.10718727,13.5727129,9.25717926,9.08328438,5.818326,4.76426315,4.45284081,4.01209021,3.16092062,2.70702982,1.55033135,1.18840587,3.2452538,3.2452538
"HTI","Haiti",31.48827362,31.48827362,31.48827362,31.48827362,31.48827362,31.48827362,33.00967407,34.86845779,34.37762833,33.40350342,33.01479721,45.22234726,34.89322662,35.82326126,35.12090683,46.15073395,64.68388367,60.74028778,48.3934021,54.94194794,50.87899399,49.43203354,33.95123672,40.86358643,42.25705719,30.56117821,35.3885231,30.95895386,30.95895386
"HND","Honduras",2.7811141,2.7811141,2.7811141,2.7811141,2.7811141,2.7811141,1.85194302,4.27599144,9.52238274,9.75456238,8.48487282,5.17399549,5.82112026,7.16688108,8.33611298,7.53666019,6.13482237,7.06629562,5.26468992,6.25401783,5.02577019,4.95717335,3.69296241,2.95789766,2.64839745,5.65969276,4.97716427,3.51729059,3.51729059
"HUN","Hungary",0,0,0,0,0,0,0,0,0,0,0,0,0,0,0,0,0,0,0,0,0,0,0,0,0,0,0,0,0
"ISL","Iceland",0,0,0,0,0,0,0,0,0,0,0,0,0,0,0,0,0,0,0,0,0,0,0,0,0,0,0,0,0
"IND","India",2.68156767,2.68156767,2.68156767,2.68156767,2.68156767,2.68156767,2.32904196,2.45289254,1.51889133,2.23435068,1.53180611,1.43511713,1.51285565,1.8706342,1.01849651,0.97050869,0.86978596,0.9425528,0.27013245,0.74758422,0.71176356,0.64179951,0.58871472,0.46161893,0.55651969,0.65388739,1.01271272,1.16965842,1.16965842
"IDN","Indonesia",2.92198277,2.92198277,2.92198277,2.92198277,2.92198277,2.92198277,4.03432083,1.36987221,1.25123084,1.92621684,1.6256665,1.35958815,1.65610123,1.17098391,1.61047709,0.85548991,0.95352101,0.96095127,1.14404118,2.03072453,0.4901185,0.52739972,0.68619859,0.40497854,0.56584311,0.50208026,2.04382014,0.98475063,0.98475063
"IRN","Iran, Islamic Republic of",0.00474933,0.00474933,0.00474933,0.00474933,0.00474933,0.00474933,0.08670352,0.09046112,0.04454352,0.25219864,0.37918553,0.0891426,0.06064807,0.05741692,0.00654157,0.0047141,0.00585042,0.00532269,0.00570826,0.00585135,0.03996856,0.03145019,0.02132984,0.02036224,0.01247789,0.00953531,0.24232656,0.42730519,0.42730519
"IRQ","Iraq",0.16601489,0.16601489,0.16601489,0.16601489,0.16601489,0.16601489,0.16601489,0.16601489,0.16601489,1.49334586,3.9657042,5.88913584,7.03827763,1.26536727,0.93541515,0.45243254,0.70770639,0.3197569,0.35366604,0.42526254,0.63458461,0.2789177,0.36241052,0.49501774,0.53258097,0.3044841,0.74951971,1.27425599,1.27425599
"IRL","Ireland",,,,,,,,,,,,,,,,,,,,,,,,,,,,,
"ISR","Israel",2.32931471,2.32931471,2.32931471,2.32931471,2.32931471,2.32931471,2.00613737,2.22130418,2.01321959,2.25946832,2.04154444,1.43766606,1.2978034,1.39181936,1.30442321,1.29174137,1.34634233,1.4116447,1.38764489,1.33274436,1.40435195,1.33861947,1.37674665,1.3860333,1.41753709,0.66265059,0.5228985,0.87552929,0.87552929
"ITA","Italy",,,,,,,,,,,,,,,,,,,,,,,,,,,,,
"JAM","Jamaica",0.24130119,0.24130119,0.24130119,0.24130119,0.24130119,0.24130119,0.51798779,0.68828112,0.71478754,1.82004178,1.36601472,1.60309124,1.81668878,1.60756385,2.43616128,2.18877196,2.26763463,3.24729013,1.01295555,1.41637099,1.40154922,1.57472765,1.43070424,1.49903858,1.59238422,1.53298509,1.3756932,1.27305448,1.27305448
"JPN","Japan",0,0,0,0,0,0,0,0,0,0,0,0,0,0,0,0,0,0,0,0,0,0,0,0,0,0,0,0,0
"JOR","Jordan",2.59515572,2.59515572,2.59515572,2.59515572,2.59515572,2.59515572,2.70270276,2.13414645,3.6418817,14.24657536,2.90771174,5,3.27706051,1.39194143,3.85812068,4.51080036,3.7470727,6.15034151,6.33200216,5.88547182,0.8010118,4.71697998,4.60213614,3.23623443,3.41121769,4.9391408,8.33674622,6.91088057,6.91088057
"KAZ","Kazakhstan",1.06958842,1.06958842,1.06958842,1.06958842,1.06958842,1.06958842,1.06958842,1.06958842,1.06958842,1.06958842,1.06958842,1.06958842,1.06958842,1.06958842,1.06958842,1.06958842,0.52708322,0.15219629,0.18265615,0.11928894,0.08288634,0.18342023,0.18244004,0.15486293,0.09350459,0.03214625,0.09244051,0.23907395,0.23907395
"KEN","Kenya",13.89061642,13.89061642,13.89061642,13.89061642,13.89061642,13.89061642,14.29401112,15.77177429,16.78109932,20.45493889,18.9226532,29.00087166,29.00333977,29.02581215,29.58448029,28.80493546,26.32249451,24.31078529,22.64751053,20.01926231,17.92063522,16.20617104,21.08673096,22.1549015,18.50995064,17.16178513,18.46503448,18.35663795,18.35663795
"KIR","Kiribati",1.49644625,1.49644625,1.49644625,1.49644625,1.49644625,1.49644625,1.49644625,1.75632191,1.31677949,0.74420941,0.97252667,14.67801189,17.19201279,23.11475182,33.44524384,5.30495977,1.7357291,6.86421776,14.51410961,13.85061169,10.83459949,11.1382618,10.96136665,16.41871071,5.99030352,27.6652317,22.06477356,15.81283569,15.81283569
"PRK","Korea, Democratic People's Repub",,,,,,,,,,,,,,,,,,,,,,,,,,,,,
"KOR","Korea, Republic of",0,0,0,0,0,0,0,0,0,0,0,0,0,0,0,0,0,0,0,0,0,0,0,0,0,0,0,0,0
"KWT","Kuwait",0,0,0,0,0,0,0,0,0,0,0,0,0,0,0,0,0,0,0,0,0,0,0,0,0,0,0,0,0
"KGZ","Kyrgyzstan",0,0,0,0,0,0,0,0,10.00204182,15.72711468,6.43977356,10.14785576,12.58087826,6.94320059,10.95561028,7.77112436,4.49704218,7.15380096,5.37857103,6.31272554,7.50359297,3.83458447,5.64198399,4.9450717,2.32294869,9.17070961,5.62882233,7.84840012,7.84840012
"LAO","Lao People's Democratic Republic",9.8260746,9.8260746,9.8260746,9.8260746,9.8260746,9.8260746,20.51770973,15.64309025,13.90244102,22.36207962,20.21408081,27.84760666,23.72323227,21.9759922,19.59241486,16.71574211,27.60452843,27.02466965,18.99671936,16.78850174,16.96152306,18.11935997,16.67073631,12.45091534,21.20898628,17.66420555,38.01396179,36.29299927,36.29299927
"LVA","Latvia",0.45042363,0.45042363,0.45042363,0.45042363,0.45042363,0.45042363,0.45042363,0.45042363,0.45042363,0.45042363,0.31461379,0.18368322,0.05275265,0.09869838,0.47887734,0.00661889,0.0300459916666667,0.0534730933333333,0.076900195,0.100327296666667,0.123754398333333,0.1471815,0.1638691,0.16463046,0.26571643,0.16768952,0.13550185,0.18123737,0.18123737
"LBN","Lebanon",0.09588927,0.09588927,0.09588927,0.09588927,0.09588927,0.09588927,0.23702459,0.28536949,0.4679125,0.85568798,0.47526205,0.88925803,1.11264598,1.09717047,1.78924227,0.77076417,0.7170909,0.49986079,1.02859879,0.89025879,3.26179004,2.57487535,2.49988508,1.02984524,3.39558697,10.1868,10.43842602,7.29782104,7.29782104
"LSO","Lesotho",3.86585546,3.86585546,3.86585546,3.86585546,3.86585546,3.86585546,6.78146219,7.88672733,8.65831852,11.47111225,17.35310555,13.57317543,11.70814133,20.99001312,25.93331146,22.06619835,26.42559433,26.67811203,30.00182724,27.30365372,23.53740501,23.22886848,26.74707031,35.06594086,61.76799011,36.97486877,44.04224396,36.34443283,36.34443283
"LBR","Liberia",0,0,0,0,0,0,9.59574604,11.84473705,18.5450573,13.85956669,20.83550072,23.20867157,36.83396149,46.85414124,37.03855133,31.33291245,33.80221939,31.76626396,51.77529907,38.57076645,34.80051422,30.65193558,32.04299545,32.63866425,24.67007256,18.06064606,20.99055862,19.87356186,19.87356186
"LBY","Libyan Arab Jamahiriya",0,0,0,0,0,0,0,0,0,0,0,0.01441521,0.02895307,0.07616367,0.10656881,0.08825807,0.03778459,0.11044621,0.05575392,0.14608793,0.01553708,0.02198066,0.03450065,0.21789663,0.68635082,0.24302696,1.69997537,1.82377219,1.82377219
"LIE","Liechtenstein",,,,,,,,,,,,,,,,,,,,,,,,,,,,,
"LTU","Lithuania",0.04118577,0.04118577,0.04118577,0.04118577,0.04118577,0.04118577,0.07125173,0.12887903,0.14676957,0.06334021,0.08312792,0.06532694,0.08969682,0.09728573,0.10599636,0.16750419,0.17226104,0.13830599,0.14442115,0.13241525,0.29291639,0.23244102,0.15342377,0.31288689,0.36057585,0.56666172,0.49025086,0.63687348,0.63687348
"LUX","Luxembourg",0.00341894,0.00341894,0.00341894,0.00341894,0.00341894,0.00341894,0.00341894,0.00341894,0.00341894,0.00341894,0.00341894,0.00341894,0.00341894,0.00341894,0.00341894,0.00341894,0.00341894,1.52649498,1.4627763,1.3974092,1.38444018,1.31998122,1.38019812,1.41230023,1.33139455,1.23830354,1.13550842,1.1099025,1.07059717
"MKD","Macedonia",3.93561554,3.93561554,3.93561554,3.93561554,3.93561554,3.93561554,2.36361909,3.88939142,0.90477175,1.3336699,1.47766614,2.66564202,0.99179626,2.99396801,1.84719968,0.69487023,1.08393919,1.26656079,0.26687226,0.80453187,0.36388254,0.72738773,0.13301931,0.00153969,0.00153969,0.00153969,0.00153969,0.00153969,0.00153969
"MDG","Madagascar",1.69729161,1.69729161,1.69729161,1.69729161,1.69729161,1.69729161,8.30652332,19.77225876,10.05737686,21.52774429,23.25117874,24.34511566,16.2009697,20.07834625,24.72708321,15.79753876,26.11964035,19.1980896,20.29245377,24.95414734,28.20148087,26.06113815,22.92724419,29.88007736,38.18735504,45.6027298,40.45223236,32.82099152,32.82099152
"MWI","Malawi",36.89030838,36.89030838,36.89030838,36.89030838,36.89030838,36.89030838,37.328022,46.01858521,45.87962723,66.07184601,62.4583168,62.60955048,65.26979065,57.16920853,62.12399673,62.76517868,64.41842651,70.78819275,68.25177765,63.03597641,53.5009079,53.71352768,59.85520554,57.36382294,54.51319885,54.15510941,59.92804718,64.65246582,64.65246582
"MYS","Malaysia",0,0,0,0,0,0,0,0,0,0,0,0,0.00320123,0.00166658,0.00137672,0.00241064,0.00344456,0.00447848,0.0055124,0.00654632,0.00758024,0.00861416,0.00964808,0.010682,0.01171592,0.01274984,0.00423804,0.00428761,0.00428761
"MDV","Maldives",0,0,0,0,0,0,0.10538656,0.90627849,0.81383491,0.47048956,0.60390723,0.82120168,0.22810693,0.77078265,0.45457143,0.34204894,0.68678248,1.04863214,0.89021665,0.61913013,0.43325919,0.47173712,0.37944397,1.1792146,2.44034004,1.69462538,12.77830029,2.84813929,2.84813929
"MLI","Mali",5.79881525,5.79881525,5.79881525,5.79881525,5.79881525,5.79881525,6.8717494,14.19230366,8.92346859,12.09278393,14.20139503,19.06586647,17.84545708,20.63710403,23.5487957,27.35240173,32.54426956,41.66573715,42.07015228,44.34458923,41.31540298,30.22788048,28.62526512,34.99575043,15.98053455,6.23197651,8.16708088,8.67616367,8.67616367
"MLT","Malta",0.01622057,0.01622057,0.01622057,0.01622057,0.01622057,0.01622057,0.01622057,0.01622057,0.01622057,0.01622057,0.01622057,0.01622057,0.01622057,0.01622057,0.01622057,0.01622057,0.01622057,0.01622057,0.01622057,0.01622057,0.01622057,0.01622057,0.01622057,0.01622057,0.00850516,0,0,0,0
"MHL","Marshall Islands",37.03983688,37.03983688,37.03983688,37.03983688,37.03983688,37.03983688,39.98569107,34.41176605,34.39014053,56.75467682,68.18597412,69.21963501,59.72473907,66.54820251,65.13807678,70.99015045,51.48199463,51.73277283,46.9088707,55.61412811,57.15950012,53.71331787,56.86539841,52.92090225,53.52713013,54.28722,56.09303284,60.05805969,60.05805969
"MRT","Mauritania",4.35133123,4.35133123,4.35133123,4.35133123,4.35133123,4.35133123,3.87625837,4.94126129,9.28039932,7.08077526,5.26137352,2.50599933,4.18529797,5.18897581,5.24780512,5.91367626,5.34053659,5.29262877,8.92682362,10.29268265,8.63764763,2.28802443,6.47614288,2.25896406,3.17530179,4.12541676,9.30824089,17.49386024,17.49386024
"MUS","Mauritius",0.30235171,0.30235171,0.30235171,0.30235171,0.30235171,0.30235171,0.56388438,0.3091923,0.1115699,0.02977149,0.03942548,0.0813216,0.16568857,0.91755688,1.74640274,1.88306737,3.92855287,2.16397595,1.41865468,0.45758918,2.59900188,0.22600909,0.5023827,0.50288439,0.156689,0.20592597,1.3315326,0.61835778,0.61835778
"MEX","Mexico",0.02066442,0.02066442,0.02066442,0.02066442,0.02066442,0.02066442,0.02066442,0.02066442,0.02066442,0.02066442,0.02066442,0.02066442,0.02066442,0.02066442,0.02066442,0.02066442,0.02066442,0.02066442,0.02066442,0.02066442,0.02066442,0.02066442,0.02066442,0.02066442,0.02066442,0.02066442,0.11266483,0,0
"FSM","Micronesia, Federated States of",72.18376923,72.18376923,72.18376923,72.18376923,72.18376923,72.18376923,73.15505981,72.62217712,72.69007111,75.98594666,81.58046722,81.94235992,82.8211441,81.2827301,85.80846405,86.93470001,73.60800934,75.856987,74.40898132,68.87979889,71.57372284,71.09723663,71.63896179,71.30168152,69.01480103,72.67167664,80.06643677,77.24745178,77.24745178
"MDA","Moldova, Republic of",3.87359619,3.87359619,3.87359619,3.87359619,3.87359619,3.87359619,2.10202026,4.06543446,4.32540703,2.27422261,4.37655783,4.16143847,3.67583871,3.27189636,10.80488014,11.96709919,7.33437538,8.02865219,9.92383194,11.40310669,7.27966833,3.69476581,4.69927168,2.71713424,3.40944004,3.09244394,3.48193908,2.57414412,2.57414412
"MCO","Monaco",,,,,,,,,,,,,,,,,,,,,,,,,,,,,
"MNG","Mongolia",1.04648054,1.04648054,1.04648054,1.04648054,1.04648054,1.04648054,3.36486912,4.5931077,3.70330429,6.30107641,3.75513792,4.25196457,2.76487374,5.85410786,5.69015789,4.34730005,6.17332363,5.77322054,5.10384321,6.02919722,4.45275545,8.1257658,8.73264027,8.53977299,8.29982281,9.000231265,9.70063972,24.4824276,24.4824276
"MNE","Montenegro",,,,,,,,,,,,,,,,,,,,,,,,,,,,,
"MAR","Morocco",0.39864129,0.39864129,0.39864129,0.39864129,0.39864129,0.39864129,0.46248123,0.78767413,1.08487773,1.34776056,0.63327235,0.29296973,1.27529931,0.78664064,1.64205134,0.45711282,0.65455669,0.93984002,0.32120803,1.01806724,1.09044969,0.31129402,0.29096925,0.18119994,0.73601413,2.13676143,3.79230714,3.12102652,3.12102652
"MOZ","Mozambique",9.47459888,9.47459888,9.47459888,9.47459888,9.47459888,9.47459888,25.7476902,34.47245026,42.00126266,52.02708054,53.24565506,57.6572113,56.0282402,58.27399063,65.1905365,68.00090027,66.14413452,58.38664246,58.56290436,53.96907043,54.68386459,59.14322662,62.11420059,62.46680069,61.30587387,51.91865158,57.27677536,54.19672775,54.19672775
"MMR","Myanmar",1.18507862,1.18507862,1.18507862,1.18507862,1.18507862,1.18507862,2.83329773,3.84969854,6.62721157,10.23477936,10.20618629,13.03621197,7.79324102,9.43522644,9.06939697,9.41456032,10.76209259,6.08105755,8.89437675,9.77963448,7.55755901,9.34164619,9.51738834,8.72342968,7.40783119,6.2030015,10.06851673,13.10674858,13.10674858
"NAM","Namibia",5.35258102,5.35258102,5.35258102,5.35258102,5.35258102,5.35258102,5.74712944,5.85140467,6.09653425,13.93716526,20.72059059,23.97964287,19.68076324,21.64827156,19.47228622,14.25587749,10.89849854,7.93326235,6.43953419,6.02457619,5.71119118,6.97082663,6.77478266,7.2444644,8.64147472,4.32022905,8.0839529,8.91503906,8.91503906
"NRU","Nauru",7.74589109,7.74589109,7.74589109,7.74589109,7.74589109,7.74589109,14.92078304,22.35637856,16.73130989,16.5656662,2.54139757,5.66049814,26.48051071,40.94334793,41.80766296,33.75687027,36.07253647,48.50147247,37.6549263,16.38991356,35.33991241,5.66648579,23.08889389,8.93826199,7.29979706,11.3940773,19.11803818,11.22641182,11.22641182
"NPL","Nepal",21.5200367,21.5200367,21.5200367,21.5200367,21.5200367,21.5200367,26.80519485,21.63855553,22.67845917,25.4759407,23.7328186,26.37246895,14.27212811,14.82347012,15.75572968,13.8546381,10.72894096,13.46671486,11.90593529,13.72176933,14.37321758,11.70784855,15.41711617,13.53797245,11.90940666,10.54971123,12.74043941,10.3489027,10.3489027
"NLD","Netherlands",0.13204731,0.13204731,0.13204731,0.13204731,0.13204731,0.13204731,0.13131808,0.13842747,0.12488427,0.12857202,0.12771392,0.04898267,0.01427221,0.01165928,0.01601538,0.01540595,0.02103523,0.01598465,0.02145892,0.01550082,0.02246055,0.02246055,0.01608277,0.02578882,0.02547091,0.0234902,0.00826003,0.01032844,0.01032844
"NZL","New Zealand",,,,,,,,,,,,,,,,,,,,,,,,,,,,,
"NIC","Nicaragua",3.58584976,3.58584976,3.58584976,3.58584976,3.58584976,3.58584976,10.60498333,8.49235535,13.73978138,18.59580231,18.38009071,10.95277691,10.9606657,12.73998451,9.8219471,14.19771099,12.6313343,10.10047531,10.08552742,10.27891827,6.24294519,5.21909714,6.04934263,4.16103935,3.58395338,4.27029324,4.32074213,5.15953064,5.15953064
"NER","Niger",9.25177002,9.25177002,9.25177002,9.25177002,9.25177002,9.25177002,9.32735252,9.43096542,10.11373329,10.27265072,10.75284958,10.63393688,13.15374756,12.37581253,11.96774483,12.24640179,10.7340517,13.17387104,11.84974003,13.25664997,24.55548859,14.76120186,14.47688198,11.80958366,15.24877357,15.74013042,14.29320717,18.15787315,18.15787315
"NGA","Nigeria",16.96758652,16.96758652,16.96758652,16.96758652,16.96758652,16.96758652,6.71516037,7.30478525,5.7153182,6.2206955,5.44647121,5.40904903,5.90033722,6.06478882,6.21556139,6.25740099,7.85745382,8.41891193,12.44294357,12.27967644,9.91574001,10.3171196,7.59491062,7.16919279,11.74653053,9.58338356,7.86406326,6.76183701,6.76183701
"NOR","Norway",0,0,0,0,0,0,0,0,0,0,0,0,0,0.05396446,0.05173165,0.05112984,0,0,0,0,0,0,0,0,0,0,0,0,0
"OMN","Oman",0,0,0,0,0,0,0,0,0,0,0,0,0,0,0,0,0,0,0,0,0,0,0,0,0,0,0,0,0
"PAK","Pakistan",0.72776258,0.72776258,0.72776258,0.72776258,0.72776258,0.72776258,1.65792644,4.64272976,6.97154903,3.73744607,4.66886091,3.4590342,4.20799923,7.66359329,5.97418213,5.56323242,8.64806747,5.18500757,7.48269558,8.26406193,4.76362324,6.26833153,5.47450399,6.93023396,7.3105402,6.31032944,10.04517937,13.1666193,13.1666193
"PLW","Palau",25.54813766,25.54813766,25.54813766,25.54813766,25.54813766,25.54813766,26.90623283,22.18642235,22.83968925,29.53340912,32.56299591,28.77776337,30.44405556,30.46339989,24.78604698,31.52041245,24.97063255,24.3380394,22.29489517,21.01519394,20.04023743,18.22265053,18.93081284,17.58275032,16.6849308,20.70624352,19.72897911,21.33104134,21.33104134
"PAN","Panama",0.33072627,0.33072627,0.33072627,0.33072627,0.33072627,0.33072627,0.36847967,0.42439502,0.42372942,0.208444,0.24953961,0.14609973,0.11725353,0.17801115,0.11212121,0.65568179,0.25258759,0.13471705,0.18938561,0.50273293,0.09704008,0.08500462,0.05576079,0.08308023,0.08270984,0.24489012,1.08182478,0.41154543,0.41154543
"PNG","Papua New Guinea",6.25822687,6.25822687,6.25822687,6.25822687,6.25822687,6.25822687,18.65212631,27.68102264,33.12045288,25.97992706,25.93843079,24.74938011,24.70949554,20.39628029,22.77321625,26.01836967,22.49976921,22.45290565,27.2155323,32.27318192,11.87697506,17.85932541,15.58891582,20.19061089,32.14748764,20.8481884,39.64552307,32.22974777,32.22974777
"PRY","Paraguay",2.93196416,2.93196416,2.93196416,2.93196416,2.93196416,2.93196416,1.68857896,1.70345485,1.51216161,1.29263496,0.66981578,0.53093177,0.41532418,0.57264763,0.87065142,0.86989206,0.8076635,0.53232646,0.54069453,0.34754372,0.32213777,0.35813701,0.28326312,0.06466379,0.00630664,0.00379644,0.27303913,0.01264072,0.01264072
"PER","Peru",0.23592959,0.23592959,0.23592959,0.23592959,0.23592959,0.23592959,0.55002111,0.58375943,2.33047676,2.00106597,2.10335326,1.79810035,0.99749058,0.73521715,1.87271845,1.15983057,1.00963926,0.64525092,0.48164475,0.28081414,0.23747998,0.21046039,0.2473568,0.20110404,0.19733442,0.21415339,0.2231019,0.20574462,0.20574462
"PHL","Philippines",3.53257608,3.53257608,3.53257608,3.53257608,3.53257608,3.53257608,3.79089212,2.83174682,3.37007642,3.90647697,4.21309376,3.82878137,1.95236897,1.47725832,2.32747269,1.79249763,0.95750284,1.02682304,1.7428925,1.48819351,1.44088197,2.26575089,2.19395947,0.31150675,0.40589947,0.73714823,5.06857777,0.31065333,0.08917269
"POL","Poland",0.0178444,0.0178444,0.0178444,0.0178444,0.0178444,0.0178444,0.0178444,0.0178444,0.0178444,0.00493072,0.00513213,0.021899125,0.03866612,0.055433115,0.07220011,0.088967105,0.1057341,0.122501095,0.13926809,0.03795471,0.0382021,0.03292345,0.03039442,0.05831454,0.0551683,0.06078681,0.05577965,0.07193594,0.07193594
"PRT","Portugal",0.04074242,0.04074242,0.04074242,0.04074242,0.04074242,0.04074242,0.04182993,0.04550717,0.04351871,0.04340906,0.04181558,0.04436614,0.04557913,0.04777553,0.05120731,0.04883625,0.05252285,0.05601,0.05675227,0.06061281,0.06092098,0.08961494,0.09432669,0.06990038,0.07403812,0.07375828,0.0968691,0.07863624,0.07863624
"QAT","Qatar",0,0,0,0,0,0,0,0,0,0,0,0,0,0,0,0,0,0,0,0,0,0,0,0,0,0,0,0,0
"ROU","Romania",0,0,0,0,0,0,0,0,0.00388026,0.47901869,0.41810924,0.17662254,0.15762985,0.04388796,0.03247795,0.08039403,0.01522125,0,0.21516773,0.04314993,0.06155309,0.07995625,0.09835941,0.11676257,0.13516573,0.15356889,2.57893562,0,0
"RUS","Russian Federation",0.20359808,0.20359808,0.20359808,0.20359808,0.20359808,0.20359808,0.19904537,0.18727762,0.15052575,0.12665792,0.09956085,0.08001757,0.06503638,0.05072163,0.05072163,0.05072163,0.05072163,0.05072163,0.05072163,0.05072163,0.05072163,0.05072163,0.05072163,0.05072163,0.05072163,0.05072163,0.05072163,0.05072163,0.05072163
"RWA","Rwanda",46.40129471,46.40129471,46.40129471,46.40129471,46.40129471,46.40129471,40.72317123,35.11724091,42.43741226,47.24682236,50.27065277,57.04859543,55.74312592,53.52423096,53.42146683,52.41531754,49.90673828,53.79287338,44.7743187,47.60192871,42.75365067,43.75228119,39.48154449,39.46680069,33.82072067,35.83384705,35.99093628,42.91983032,42.91983032
"KNA","Saint Kitts and Nevis",0,0,0,0,0,0,0,0,0,0.98745072,0.07543384,0.00478097,0.2070276,3.37402987,2.34503484,1.49098992,1.72860801,0,0.2437553,0,0,0,0,0,0,0,0,0,0
"LCA","Saint Lucia",0,0,0,0,0,0,0,0.23249525,0.51213729,0.53630054,2.18108988,3.15265512,1.14119864,2.04129624,1.87984169,2.19075203,2.16620708,0.43112555,0.76644486,0.4224456,0.91849226,3.90535116,1.18498349,0.49607304,1.0377208,14.57368374,14.81556702,13.44314384,13.44314384
"VCT","Saint Vincent and the Grenadines",0,0,0,0,0,0,0,0,0,0,0.20415659,1.93960512,4.59524012,2.5166564,2.07500958,5.18988705,7.30549288,2.81182814,1.46811795,1.8074137,1.57768023,0.48450646,1.21666586,0.3838245,1.56960404,3.00360727,3.36869574,0.46068007,0.46068007
"WSM","Samoa",4.3763957,4.3763957,4.3763957,4.3763957,4.3763957,4.3763957,3.31457114,9.77104282,17.12890434,19.40557861,17.49610138,15.85762882,16.940485,8.28235817,8.92312336,11.13249207,18.77983665,6.76438189,23.43620682,15.72448921,16.42297363,20.39614487,11.17388535,8.7467432,11.55904579,12.32338715,12.88538074,7.13697433,7.13697433
"SMR","San Marino",,,,,,,,,,,,,,,,,,,,,,,,,,,,,
"STP","Sao Tome and Principe",16.56380844,16.56380844,16.56380844,16.56380844,16.56380844,16.56380844,16.02479935,16.29174805,13.51212597,14.45123959,16.26247978,48.93719864,37.3432579,44.86512756,40.67570877,34.55182266,32.19653702,46.83344269,49.80338287,47.65442657,51.32896805,43.8858757,37.90641403,37.21224594,40.34218597,45.76512527,43.693573,30.90140724,30.90140724
"SAU","Saudi Arabia",0,0,0,0,0,0,0,0,0,0,0,0,0,0,0,0,0,0,0,0,0,0,0,0,0,0,0,0,0
"SEN","Senegal",3.97979546,3.97979546,3.97979546,3.97979546,3.97979546,3.97979546,3.59411407,5.00747156,2.92785263,2.14928889,6.60517263,5.43387365,5.81683683,6.48130226,6.78883362,12.32066822,8.53313541,9.34161568,9.42251778,18.3746891,18.00409889,17.35085106,18.33994865,20.39443207,19.27778053,16.80894089,18.54984856,21.24398232,21.24398232
"SRB","Serbia",1.19921136,1.19921136,1.19921136,1.19921136,1.19921136,1.19921136,1.19921136,1.19921136,1.19921136,1.13475668,0.77610981,0.70222104,0.58064646,0.20037164,0.30565661,0.89677894,0.81293714,0.7500059,0.67659742,0.55947417,0.40654296,0.43460333,0.19208939,0.68446821,1.63987577,0.76561725,0.14131613,0.14131613,0.14131613
"SYC","Seychelles",0,0,0,0,0,0,0.21894836,0.74546903,0.89377314,2.29814577,0.60861188,0.58196443,0.45514625,0.37322915,0.33281332,1.8966161,6.18142176,1.49586582,2.66092324,0.43568847,0.34680134,3.91719818,0.58811045,0.3950665,0,0.33068058,0,0,0
"SLE","Sierra Leone",3.79755378,3.79755378,3.79755378,3.79755378,3.79755378,3.79755378,9.68488121,19.23542023,11.48243237,16.52371216,21.08332634,23.70098305,19.17768097,20.1893959,23.95027351,28.88224411,28.58535385,20.87017632,29.78859711,52.78896713,52.45980453,43.22573471,34.75718689,28.87133408,32.18774796,31.90862083,25.66805458,28.00743103,28.00743103
"SGP","Singapore",0,0,0,0,0,0,0,0,0,0,0,0,0,0,0,0,0,0,0,0,0,0,0,0,0,0,0,0,0
"SVK","Slovakia",,,,,,,,,,,,,,,,,,,,,,,,,,,,,
"SVN","Slovenia",0.22349603,0.22349603,0.22349603,0.22349603,0.22349603,0.22349603,0.22349603,0.22349603,0.22349603,0.22349603,0.22349603,0.22349603,0.22349603,0.22349603,0.22349603,0.22349603,0.22349603,0.22349603,0.22349603,0.22349603,0.22349603,0.22349603,0.22349603,0.22349603,0.22349603,0.22349603,0.22059464,0.16821966,0.16821966
"SLB","Solomon Islands",2.51895475,2.51895475,2.51895475,2.51895475,2.51895475,2.51895475,4.14797926,40.62499619,23.03393745,34.03579712,26.82694817,31.73928642,27.98533821,38.96350479,50.25459671,32.61448288,39.5897789,36.49482346,36.22876358,36.5937233,27.85621262,27.32148933,22.47416496,19.65130615,22.90588951,22.48781395,26.56103897,27.36989212,27.36989212
"SOM","Somalia",57.01213074,57.01213074,57.01213074,57.01213074,57.01213074,57.01213074,57.01213074,57.01213074,57.01213074,57.01213074,57.01213074,57.01213074,57.01213074,57.01213074,57.01213074,57.01213074,57.01213074,57.01213074,57.01213074,56.21998596,58.44431305,49.57110214,54.11834717,50.64872742,48.26341248,43.89758682,46.17234421,50.44844437,50.44844437
"ZAF","South Africa",0.64495867,0.64495867,0.64495867,0.64495867,0.64495867,0.64495867,0.63960791,0.64211953,5.54679585,5.4504323,11.78583527,6.42910051,7.2983675,8.06448936,8.09347248,7.64232397,7.09629297,6.6337676,6.74055386,1.73175645,1.6734798,2.04399228,1.08640862,1.13479376,1.12046015,1.73566604,1.35284543,1.90292215,1.90292215
"ESP","Spain",,,,,,,,,,,,,,,,,,,,,,,,,,,,,
"LKA","Sri Lanka",0.91352248,0.91352248,0.91352248,0.91352248,0.91352248,0.91352248,0.71974099,0.1976831,1.05942082,0.50929457,0.84401083,2.4776907,1.10605049,0.85778415,1.20684171,1.15996647,0.51093251,0.38006321,0.64544159,1.20733893,1.36929429,0.86831564,2.93878126,1.49495602,1.34266627,1.69822812,4.39187098,14.35796452,14.35796452
"SDN","Sudan",1.47526622,1.47526622,1.47526622,1.47526622,1.47526622,1.47526622,1.47526622,1.47526622,1.47526622,1.40056026,2.67882586,4.53977489,2.68199229,2.47652745,3.65839458,3.01768994,7.9209609,4.28994083,5.01028585,3.69378376,2.02046776,1.96161723,5.38007069,6.40590143,6.54384565,6.89716196,10.40927315,17.69476509,17.69476509
"SUR","Suriname",14.4057827,14.4057827,14.4057827,14.4057827,14.4057827,14.4057827,0.17065579,5.91088772,6.29966021,7.05538225,4.35974693,8.22498322,2.05303121,3.22195005,3.24005246,6.40921593,4.15997648,1.74175942,0.71518445,0.68518949,0.30730921,1.38092542,0.58643663,1.31435776,0.58994204,1.07213545,2.46613431,1.47284377,1.47284377
"SWZ","Swaziland",4.13562393,4.13562393,4.13562393,4.13562393,4.13562393,4.13562393,11.09671402,15.82381535,18.22595978,20.50225639,18.8279438,25.95579529,23.43642616,24.30826187,23.1753788,25.54747581,32.03874969,30.95792389,29.95048714,36.72040558,32.6674881,32.6483078,23.74609756,27.71620369,23.25780869,20.61605263,22.51749992,28.00214005,28.00214005
"SWE","Sweden",,,,,,,,,,,,,,,,,,,,,,,,,,,,,
"CHE","Switzerland",0,0,0,0,0,0,0,0,0,0,0,0,0,0,0,0,0,0,0,0,0,0,0,0,0,0,0,0,0
"SYR","Syrian Arab Republic",0.14321572,0.14321572,0.14321572,0.14321572,0.14321572,0.14321572,0.20714676,0.42535233,0.33773613,0.2874631,0.15630192,1.57295752,0.74645495,0.83883989,1.12962019,1.20271111,1.41760838,1.02350354,1.40636504,1.19786012,2.2694869,3.333601,3.39845586,5.17458344,4.91587257,8.98636627,15.02569866,20.40128326,20.40128326
"TJK","Tajikistan",0.08713307,0.08713307,0.08713307,0.08713307,0.08713307,0.08713307,4.36565876,3.51317477,9.43117714,8.59410858,13.33519077,11.09483528,9.65007401,8.04975128,11.76084328,8.91756439,14.49696445,8.4896822,8.81986237,6.31620502,7.48362398,5.18963099,7.65120125,4.33836746,1.32088864,7.73589754,11.58867645,11.25716782,11.25716782
"TZA","Tanzania, United Republic of",37.63004303,37.63004303,37.63004303,37.63004303,37.63004303,37.63004303,31.57694244,27.40699577,27.04301262,27.03125191,28.56684303,42.02802277,42.40918732,25.77309799,34.98479843,39.41905975,44.91263962,48.33276367,48.48672104,43.56936646,37.84333801,36.4148674,39.25543976,40.84257126,36.82416916,41.62450027,46.34308243,38.67661285,38.67661285
"THA","Thailand",0.00790254,0.00790254,0.00790254,0.00790254,0.00790254,0.00790254,0.020132,0.21093203,0.18175969,0.17912179,0.05723163,0.05589529,0.05339865,0.12967366,0.07150743,0.13035177,0.19192585,0.13124737,0.31129634,0.33892402,0.2788088,0.08811457,0.08552195,0.14835918,0.11384915,0.07918949,0.08846173,0.07254654,0.07254654
"TLS","Timor-Leste",7.54462099,7.54462099,7.54462099,7.54462099,7.54462099,7.54462099,7.54462099,7.54462099,7.54462099,20.15923309,20.40249062,35.63311386,64.18521881,39.69264984,46.63046265,37.31924438,37.66891479,31.16896439,40.92975616,34.28848648,31.28039742,39.15188599,22.38880348,28.10083389,31.83527756,38.03737259,30.66575623,22.56416893,22.56416893
"TGO","Togo",4.07367229,4.07367229,4.07367229,4.07367229,4.07367229,4.07367229,4.63029909,5.11279535,5.93936682,7.14043093,8.1554203,9.49370766,9.97921276,10.84059334,10.66492844,5.86106825,8.3873167,10.1814537,16.39874649,14.98392868,12.13507843,15.35151005,15.01598644,9.50871468,9.11537743,15.0885458,16.1765728,21.31438637,21.31438637
"TON","Tonga",1.20054114,1.20054114,1.20054114,1.20054114,1.20054114,1.20054114,12.34598732,11.15757942,12.28062153,32.12937927,24.6378746,35.01436615,17.60394287,41.15428162,5.36979818,26.08644295,29.42888832,58.42933655,19.17726898,33.33256149,30.0199604,32.36669922,38.8536377,38.62654877,38.38320923,37.04546738,46.13423157,45.71609497,45.71609497
"TTO","Trinidad and Tobago",0,0,0,0,0,0,0.00146895,0.13193136,0.08549978,0.1194863,0.1669527,0.18052676,0.19153391,0.35782188,0.24053785,0.21553576,0.21518728,0.1179575,0.08364885,0.07591271,0.10676008,0.07281784,0,0.01206123,0.06341973,0.03600723,0.05277683,0.04424854,0.04424854
"TUN","Tunisia",0.10095035,0.10095035,0.10095035,0.10095035,0.10095035,0.10095035,0.09090243,0.08141979,0.07250696,0.06416482,0.06327632,0.3136695,0.55569482,0.796727,1.02423036,1.1983695,1.38067675,0.09904423,0.10349941,0.06080653,0.03145585,0.64461911,0.46700937,0.48366103,0.029625,0.43737018,1.98893976,4.3830018,4.3830018
"TUR","Turkey",,,,,,,,,,,,,,,,,,,,,,,,,,,,,
"TKM","Turkmenistan",0.01402344,0.01402344,0.01402344,0.01402344,0.01402344,0.01402344,0.06921124,0.16243437,0.23463742,0.10487074,0.10468617,0.117676,0.17343986,0.26290041,0.30112383,0.21658851,0.45503187,0.43405142,0.16067237,0.28281063,0.24279439,0.18746544,0.0982416,0.4443098,0.10152182,0.17894106,0.18571219,0.62519419,0.62519419
"TUV","Tuvalu",0.0189334,0.0189334,0.0189334,0.0189334,0.0189334,0.0189334,4.64042807,5.88308716,7.94622231,3.61484885,2.50121284,16.17999458,5.20544338,1.89686382,17.69458389,13.53001118,12.95964432,9.17121124,30.28192711,18.42204094,23.99024391,15.82857704,19.98807144,15.07055378,21.70672035,17.96894073,47.68021011,27.08703232,27.08703232
"UGA","Uganda",31.46728134,31.46728134,31.46728134,31.46728134,31.46728134,31.46728134,29.33049011,24.13390923,18.63785934,30.71782875,31.98823929,29.25264168,27.04266739,28.4575901,41.49319077,45.13883209,50.18870926,46.01364136,37.431427,35.97454071,42.92503738,41.26190948,43.14041901,43.51276779,42.01983261,46.0002327,50.0214653,41.57284546,41.57284546
"UKR","Ukraine",0.13894624,0.13894624,0.13894624,0.13894624,0.13894624,0.13894624,0.1147988,0.10413306,0.05146734,0.42365521,0.24325232,0.49065566,0.65759969,0.67236799,0.80839622,0.73513907,0.42777163,0.56734866,0.67315513,0.90594858,1.72328889,1.20289481,1.66138554,0.87601167,0.67960632,0.67960632,0.67960632,0.67960632,0.67960632
"ARE","United Arab Emirates",0,0,0,0,0,0,0,0,0,0,0,0,0,0,0,0,0,0,0,0,0,0,0,0,0,0,0,0,0
"GBR","United Kingdom",0.00785767,0.00785767,0.00785767,0.00785767,0.00785767,0.00785767,0.00781967,0.00799705,0.00841869,0.00781293,0.00798301,0.00822745,0.00771928,0.00782731,0.00749114,0.00793722,0.00866287,0.00908915,0.00973286,0.00960905,0.01031801,0.0112673,0.0126521,0.01190605,0.0112078,0.00946279,0.0091417,0.00992587,0.00992587
"USA","United States",0,0,0,0,0,0,0,0,0,0,0,0,0,0,0,0,0,0,0,0,0,0,0,0,0,0,0,0,0
"URY","Uruguay",0.02171363,0.02171363,0.02171363,0.02171363,0.02171363,0.02171363,0.02024993,0.01972428,0.06760352,0.0931468,0.0849273325,0.076707865,0.0684883975,0.06026893,0.04104446,0.04190836,0.03465993,0.02887395,0.03418074,0.05350795,0.01976316,0.01993555,0.00677513,0,0,0,0.00015186,0,0
"UZB","Uzbekistan",0,0,0,0,0,0,0.00107704,0.00018573,3.85530782,2.7263248,3.97712684,2.09718275,1.84729791,1.51909614,1.51474798,1.49865663,1.72345579,1.26832926,1.58226573,1.92020702,1.37646008,0.96426839,1.05472589,0.81049961,0.05306569,0.04834881,0.02530133,0.21209057,0.21209057
"VUT","Vanuatu",14.9251442,14.9251442,14.9251442,14.9251442,14.9251442,14.9251442,14.82815456,23.9419136,15.83368015,21.46377945,21.84263992,22.90688896,15.55864716,15.26678848,26.15321922,32.86899948,22.78257942,30.60389709,38.95589828,71.79255676,40.97982788,42.49186325,34.76000214,26.48352814,35.06223297,26.09800339,63.02969742,49.29563141,49.29563141
"VEN","Venezuela, Bolivarian Republic o",0.04444744,0.04444744,0.04444744,0.04444744,0.04444744,0.04444744,0.04444744,0.04444744,0.04444744,0.04444744,0.04444744,0.04444744,0.04444744,0.04444744,0.04444744,0.04444744,0.04444744,0.04444744,0.04444744,0.04444744,0.04444744,0.04444744,0.04444744,0.04444744,0.11465234,0.11265457,0.47436467,0.70540994,0.70540994
"VNM","Viet Nam",3.94890261,3.94890261,3.94890261,3.94890261,3.94890261,3.94890261,3.68538427,4.3623414,4.54324675,5.11276865,3.72654486,3.72516632,3.34360409,2.04960608,2.28239536,2.07970238,2.18726516,2.42122769,2.57226157,3.13825274,2.09400916,2.13210964,1.02458954,1.01655972,0.98078239,1.67900705,1.18862283,1.58523333,1.58523333
"YEM","Yemen",3.17680502,3.17680502,3.17680502,3.17680502,3.17680502,3.17680502,2.81044602,2.54538631,1.85772383,2.43586993,2.07180619,3.49662447,2.87722278,2.54176927,2.85074902,2.41971827,3.61084318,3.52123785,4.66652393,6.3812809,7.78418827,12.51787472,11.03761482,14.12935162,17.46517563,22.41584206,22.07493973,23.92782402,23.92782402
"ZMB","Zambia",7.49383497,7.49383497,7.49383497,7.49383497,7.49383497,7.49383497,11.18902493,30.94842148,37.98900604,34.91975403,45.7444725,40.26222992,34.06758881,37.72618484,49.01916122,43.03901291,45.98635483,46.41370773,56.14547729,32.54830933,36.40418625,42.57106018,31.58245468,44.10869217,57.9878273,33.00343323,49.46191788,41.40964508,41.40964508
"ZWE","Zimbabwe",27.47642517,27.47642517,27.47642517,27.47642517,27.47642517,27.47642517,27.47642517,27.47642517,27.47642517,27.47642517,27.47642517,27.47642517,27.47642517,27.47642517,27.47642517,27.47642517,19.20782661,15.33536625,20.12588882,20.22387886,24.25624466,28.68098831,37.14505768,29.7745018,61.93504715,55.67457581,45.02984238,49.95681,49.95681
